INSERT INTO category (category_id,name) VALUES (1,'Books');
INSERT INTO category (category_id,name) VALUES (2,'Computers');
INSERT INTO category (category_id,name) VALUES (3,'Electrodomestics');
INSERT INTO category (category_id,name) VALUES (4,'Videogames');
INSERT INTO category (category_id,name) VALUES (5,'Smartphones');
INSERT INTO category (category_id,name) VALUES (6,'Music');



INSERT INTO country (country_id,name) VALUES (1,'Panama');
INSERT INTO country (country_id,name) VALUES (2,'Christmas Island');
INSERT INTO country (country_id,name) VALUES (3,'Central African Republic');
INSERT INTO country (country_id,name) VALUES (4,'Heard and McDonald Islands');
INSERT INTO country (country_id,name) VALUES (5,'Cook Islands');
INSERT INTO country (country_id,name) VALUES (6,'Svalbard and Jan Mayen Islands');
INSERT INTO country (country_id,name) VALUES (7,'Kuwait');
INSERT INTO country (country_id,name) VALUES (8,'New Zealand (Aotearoa)');
INSERT INTO country (country_id,name) VALUES (9,'Monaco');
INSERT INTO country (country_id,name) VALUES (10,'Guatemala');
INSERT INTO country (country_id,name) VALUES (11,'Turks and Caicos Islands');
INSERT INTO country (country_id,name) VALUES (12,'Belarus');
INSERT INTO country (country_id,name) VALUES (13,'St. Helena');
INSERT INTO country (country_id,name) VALUES (14,'Madagascar');
INSERT INTO country (country_id,name) VALUES (15,'Kiribati');
INSERT INTO country (country_id,name) VALUES (16,'Micronesia');
INSERT INTO country (country_id,name) VALUES (17,'Dominican Republic');
INSERT INTO country (country_id,name) VALUES (18,'Comoros');
INSERT INTO country (country_id,name) VALUES (19,'American Samoa');
INSERT INTO country (country_id,name) VALUES (20,'French Southern Territories');
INSERT INTO country (country_id,name) VALUES (21,'Ghana');
INSERT INTO country (country_id,name) VALUES (22,'Saint Vincent and the Grenadines');
INSERT INTO country (country_id,name) VALUES (23,'Congo');
INSERT INTO country (country_id,name) VALUES (24,'Canada');
INSERT INTO country (country_id,name) VALUES (25,'New Zealand (Aotearoa)');
INSERT INTO country (country_id,name) VALUES (26,'Switzerland');
INSERT INTO country (country_id,name) VALUES (27,'Singapore');
INSERT INTO country (country_id,name) VALUES (28,'Algeria');
INSERT INTO country (country_id,name) VALUES (29,'Cote D''Ivoire (Ivory Coast)');
INSERT INTO country (country_id,name) VALUES (30,'Thailand');



INSERT INTO detail (detail_id,name) VALUES (1,'Processor');
INSERT INTO detail (detail_id,name) VALUES (2,'RAM');
INSERT INTO detail (detail_id,name) VALUES (3,'Storage');
INSERT INTO detail (detail_id,name) VALUES (4,'Graphics');
INSERT INTO detail (detail_id,name) VALUES (5,'Release Date');
INSERT INTO detail (detail_id,name) VALUES (6,'Age restriction');
INSERT INTO detail (detail_id,name) VALUES (7,'Developer');
INSERT INTO detail (detail_id,name) VALUES (8,'Camera');
INSERT INTO detail (detail_id,name) VALUES (9,'Screen Size');
INSERT INTO detail (detail_id,name) VALUES (10,'Screen Resolution');
INSERT INTO detail (detail_id,name) VALUES (11,'InfraRed');
INSERT INTO detail (detail_id,name) VALUES (12,'Bluetooth');
INSERT INTO detail (detail_id,name) VALUES (13,'Wireless');
INSERT INTO detail (detail_id,name) VALUES (14,'Battery');
INSERT INTO detail (detail_id,name) VALUES (15,'Author');
INSERT INTO detail (detail_id,name) VALUES (16,'Edition');
INSERT INTO detail (detail_id,name) VALUES (17,'Power Consumption');
INSERT INTO detail (detail_id,name) VALUES (18,'Guarantee');
INSERT INTO detail (detail_id,name) VALUES (19,'Dimensions');
INSERT INTO detail (detail_id,name) VALUES (20,'Energy Label');



INSERT INTO discount (discount_id,percentage,begin_date,end_date) VALUES (1,72,'03/04/2003 06:25:00','02/28/2017 03:36:00');
INSERT INTO discount (discount_id,percentage,begin_date,end_date) VALUES (2,80,'04/10/2002 02:46:00','07/31/2016 09:17:00');
INSERT INTO discount (discount_id,percentage,begin_date,end_date) VALUES (3,58,'06/06/2007 04:10:00','01/08/2006 01:32:00');
INSERT INTO discount (discount_id,percentage,begin_date,end_date) VALUES (4,91,'03/31/2005 08:06:00','11/28/2002 00:07:00');
INSERT INTO discount (discount_id,percentage,begin_date,end_date) VALUES (5,54,'04/14/2007 05:15:00','08/27/2007 09:53:00');
INSERT INTO discount (discount_id,percentage,begin_date,end_date) VALUES (6,47,'07/24/2000 04:52:00','09/14/2003 07:28:00');
INSERT INTO discount (discount_id,percentage,begin_date,end_date) VALUES (7,1,'04/12/2017 03:17:00','12/31/2019 06:27:00');
INSERT INTO discount (discount_id,percentage,begin_date,end_date) VALUES (8,83,'06/18/2019 03:27:00','09/02/2012 04:13:00');
INSERT INTO discount (discount_id,percentage,begin_date,end_date) VALUES (9,90,'09/05/2014 02:55:00','06/13/2006 05:09:00');
INSERT INTO discount (discount_id,percentage,begin_date,end_date) VALUES (10,20,'08/20/2004 05:52:00','09/20/2014 05:46:00');
INSERT INTO discount (discount_id,percentage,begin_date,end_date) VALUES (11,32,'08/04/2011 09:53:00','03/16/2007 01:40:00');
INSERT INTO discount (discount_id,percentage,begin_date,end_date) VALUES (12,2,'01/06/2019 09:04:00','11/14/2001 06:24:00');
INSERT INTO discount (discount_id,percentage,begin_date,end_date) VALUES (13,35,'09/18/2005 09:19:00','05/19/2008 10:19:00');
INSERT INTO discount (discount_id,percentage,begin_date,end_date) VALUES (14,66,'07/06/2004 08:29:00','11/18/2001 10:56:00');
INSERT INTO discount (discount_id,percentage,begin_date,end_date) VALUES (15,52,'10/20/2012 06:43:00','06/22/2005 10:27:00');
INSERT INTO discount (discount_id,percentage,begin_date,end_date) VALUES (16,87,'12/30/2015 01:31:00','02/13/2021 02:01:00');
INSERT INTO discount (discount_id,percentage,begin_date,end_date) VALUES (17,67,'10/19/2003 03:01:00','01/22/2015 02:21:00');
INSERT INTO discount (discount_id,percentage,begin_date,end_date) VALUES (18,50,'11/27/2005 09:17:00','07/17/2016 05:05:00');
INSERT INTO discount (discount_id,percentage,begin_date,end_date) VALUES (19,36,'11/30/2008 06:26:00','07/02/2002 05:35:00');
INSERT INTO discount (discount_id,percentage,begin_date,end_date) VALUES (20,76,'03/04/2017 06:34:00','03/17/2014 05:33:00');



INSERT INTO discount_notification (notification_id,discount_id) VALUES (4,4);
INSERT INTO discount_notification (notification_id,discount_id) VALUES (7,7);
INSERT INTO discount_notification (notification_id,discount_id) VALUES (16,16);
INSERT INTO discount_notification (notification_id,discount_id) VALUES (18,18);
INSERT INTO discount_notification (notification_id,discount_id) VALUES (5,5);
INSERT INTO discount_notification (notification_id,discount_id) VALUES (8,8);
INSERT INTO discount_notification (notification_id,discount_id) VALUES (13,13);
INSERT INTO discount_notification (notification_id,discount_id) VALUES (17,17);
INSERT INTO discount_notification (notification_id,discount_id) VALUES (3,3);
INSERT INTO discount_notification (notification_id,discount_id) VALUES (5,5);
INSERT INTO discount_notification (notification_id,discount_id) VALUES (13,13);
INSERT INTO discount_notification (notification_id,discount_id) VALUES (2,2);
INSERT INTO discount_notification (notification_id,discount_id) VALUES (6,6);
INSERT INTO discount_notification (notification_id,discount_id) VALUES (13,13);
INSERT INTO discount_notification (notification_id,discount_id) VALUES (20,20);
INSERT INTO discount_notification (notification_id,discount_id) VALUES (10,10);
INSERT INTO discount_notification (notification_id,discount_id) VALUES (11,11);
INSERT INTO discount_notification (notification_id,discount_id) VALUES (20,20);
INSERT INTO discount_notification (notification_id,discount_id) VALUES (2,2);
INSERT INTO discount_notification (notification_id,discount_id) VALUES (11,11);



INSERT INTO item (item_id,name,stock,brief_description,description,price,is_archived,category_id) VALUES (1,'HP46',8128,'Description number 6997563','This is a description 1560915','90,17',True,3);
INSERT INTO item (item_id,name,stock,brief_description,description,price,is_archived,category_id) VALUES (2,'HP11',6724,'Description number 5220616','Description number 2045668','3,66',False,3);
INSERT INTO item (item_id,name,stock,brief_description,description,price,is_archived,category_id) VALUES (3,'DELL78',2765,'Description number 3002599','This is a description 6138936','06178,99',False,3);
INSERT INTO item (item_id,name,stock,brief_description,description,price,is_archived,category_id) VALUES (4,'PC37',4206,'This is a description 4861768','This is a description 3478787','028,92',False,6);
INSERT INTO item (item_id,name,stock,brief_description,description,price,is_archived,category_id) VALUES (5,'DELL34',4904,'Description number 3346398','This is a description 3588953','39940,64',True,6);
INSERT INTO item (item_id,name,stock,brief_description,description,price,is_archived,category_id) VALUES (6,'SERVER92',9567,NULL,'This is a description 1240271','819,35',False,1);
INSERT INTO item (item_id,name,stock,brief_description,description,price,is_archived,category_id) VALUES (7,'LOCAL33',349,'This is a description 8986145','Description number 3281137','99,04',False,1);
INSERT INTO item (item_id,name,stock,brief_description,description,price,is_archived,category_id) VALUES (8,'OFFICE79',9128,'This is a description 1555661','This is a description 8261395','7604,88',True,4);
INSERT INTO item (item_id,name,stock,brief_description,description,price,is_archived,category_id) VALUES (9,'OFFICE11',6695,'Description number 5945228','Description number 1815613','41,89',True,4);
INSERT INTO item (item_id,name,stock,brief_description,description,price,is_archived,category_id) VALUES (10,'HP22',5375,'Description number 0680702','This is a description 0811087','5,80',True,4);
INSERT INTO item (item_id,name,stock,brief_description,description,price,is_archived,category_id) VALUES (11,'HOME83',9285,'This is a description 8711742','Description number 2401429','6,35',False,5);
INSERT INTO item (item_id,name,stock,brief_description,description,price,is_archived,category_id) VALUES (12,'PC84',7685,'Description number 7342303','This is a description 0162120','68237,26',False,2);
INSERT INTO item (item_id,name,stock,brief_description,description,price,is_archived,category_id) VALUES (13,'ACER98',8892,'This is a description 5232095','This is a description 1005043','427,97',False,2);
INSERT INTO item (item_id,name,stock,brief_description,description,price,is_archived,category_id) VALUES (14,'ACER64',6270,'Description number 3188270','Description number 5280320','3690,83',False,6);
INSERT INTO item (item_id,name,stock,brief_description,description,price,is_archived,category_id) VALUES (15,'LOCAL23',2675,'Description number 3917627','This is a description 3494257','64094,52',True,6);
INSERT INTO item (item_id,name,stock,brief_description,description,price,is_archived,category_id) VALUES (16,'HOME81',2365,'This is a description 9064270','This is a description 2452380','227,66',True,6);
INSERT INTO item (item_id,name,stock,brief_description,description,price,is_archived,category_id) VALUES (17,'HOME65',6816,'This is a description 1714140','Description number 3464907','834,62',True,2);
INSERT INTO item (item_id,name,stock,brief_description,description,price,is_archived,category_id) VALUES (18,'SERVER25',8756,'Description number 8378232','Description number 3917905','44,02',False,2);
INSERT INTO item (item_id,name,stock,brief_description,description,price,is_archived,category_id) VALUES (19,'HOME86',9018,NULL,'Description number 7836928','4,46',True,2);
INSERT INTO item (item_id,name,stock,brief_description,description,price,is_archived,category_id) VALUES (20,'HP47',7913,'Description number 5406952','Description number 4645139','1,55',True,6);
INSERT INTO item (item_id,name,stock,brief_description,description,price,is_archived,category_id) VALUES (21,'LOCAL35',461,'Description number 0130931','Description number 8669925','29922,91',False,5);
INSERT INTO item (item_id,name,stock,brief_description,description,price,is_archived,category_id) VALUES (22,'ACER59',2909,'This is a description 0830129','Description number 6398106','870,01',True,5);
INSERT INTO item (item_id,name,stock,brief_description,description,price,is_archived,category_id) VALUES (23,'PC29',9034,'This is a description 1299283','This is a description 1788847','3,28',True,5);
INSERT INTO item (item_id,name,stock,brief_description,description,price,is_archived,category_id) VALUES (24,'HP37',4905,'This is a description 3440563','This is a description 2851010','59428,83',False,6);
INSERT INTO item (item_id,name,stock,brief_description,description,price,is_archived,category_id) VALUES (25,'LOCAL17',3975,NULL,'This is a description 7812681','73,20',True,6);
INSERT INTO item (item_id,name,stock,brief_description,description,price,is_archived,category_id) VALUES (26,'ACER00',2098,NULL,'Description number 9310358','5,97',False,6);
INSERT INTO item (item_id,name,stock,brief_description,description,price,is_archived,category_id) VALUES (27,'DELL85',6540,'Description number 6599786','This is a description 0389289','4715,09',False,4);
INSERT INTO item (item_id,name,stock,brief_description,description,price,is_archived,category_id) VALUES (28,'ACER10',6545,'Description number 6539801','Description number 7338070','9193,74',True,4);
INSERT INTO item (item_id,name,stock,brief_description,description,price,is_archived,category_id) VALUES (29,'PC63',9031,'Description number 7074397','Description number 1463246','6,55',True,2);
INSERT INTO item (item_id,name,stock,brief_description,description,price,is_archived,category_id) VALUES (30,'ACER63',5655,'This is a description 5905220','This is a description 5225412','90,04',False,3);
INSERT INTO item (item_id,name,stock,brief_description,description,price,is_archived,category_id) VALUES (31,'HOME55',4233,NULL,'Description number 2229492','49,50',True,3);
INSERT INTO item (item_id,name,stock,brief_description,description,price,is_archived,category_id) VALUES (32,'HOME55',2196,'Description number 3816961','This is a description 7344399','2317,37',True,3);
INSERT INTO item (item_id,name,stock,brief_description,description,price,is_archived,category_id) VALUES (33,'DELL22',6086,'This is a description 7211368','This is a description 2367683','531,53',True,3);
INSERT INTO item (item_id,name,stock,brief_description,description,price,is_archived,category_id) VALUES (34,'OFFICE86',1549,'Description number 3836443','This is a description 9833193','1,84',False,5);
INSERT INTO item (item_id,name,stock,brief_description,description,price,is_archived,category_id) VALUES (35,'HP32',6973,'Description number 3139058','This is a description 3078746','53334,95',True,5);
INSERT INTO item (item_id,name,stock,brief_description,description,price,is_archived,category_id) VALUES (36,'HOME24',5292,'This is a description 6453881','This is a description 3377288','86,33',True,3);
INSERT INTO item (item_id,name,stock,brief_description,description,price,is_archived,category_id) VALUES (37,'LOCAL90',8260,NULL,'Description number 5366650','4542,67',False,3);
INSERT INTO item (item_id,name,stock,brief_description,description,price,is_archived,category_id) VALUES (38,'SERVER40',5942,'This is a description 9117619','Description number 8461024','34,33',True,4);
INSERT INTO item (item_id,name,stock,brief_description,description,price,is_archived,category_id) VALUES (39,'HP67',6736,NULL,'Description number 2316126','1,29',False,4);
INSERT INTO item (item_id,name,stock,brief_description,description,price,is_archived,category_id) VALUES (40,'HOME61',1892,'Description number 7109133','This is a description 5967079','63,35',True,4);



INSERT INTO itemdetail (item_id,detail_id,detail_info) VALUES (8,3,'8FSLEOrXosom5AKrSyyRSv8aGC41DEUgAYzwbjKC86sJbLpW230vycjRX2CrUhcDs');
INSERT INTO itemdetail (item_id,detail_id,detail_info) VALUES (9,6,'KuVJYe5oXcBOaF6Cych10yrGaF4fSMDcshy3OMghUwbjDIjDia4O1gi3WA2WMgOLUGg5SgEWPA1rSNCjSbt2mC32XxavoLcBmrJE1HDqhpGrLKPv7clxVD7S3xwH3McZE3LjjyjicrntLWVeUsyUqhb4axtXVt8rjRRzm4U0u5iTPxFXPCJgBPMSjcdPA6VJzC1JSposhHpnTFWmmXgvPuPcbFJVvex6iPJD');
INSERT INTO itemdetail (item_id,detail_id,detail_info) VALUES (19,9,'83WaT0GOhdOD8ENWGpXoFc0kPuQUTqho7KFoifLW6ixGjkg1qGYnt7wnFFFBBxD1VLqmhmpGOke4IPvNKE7ZA1yTGylVdrQA7');
INSERT INTO itemdetail (item_id,detail_id,detail_info) VALUES (24,14,'UmkCTXbBkOX1qYRLW4HRYZgOR6d451sXdmYYAONAidEsqlDgWpnxEMrwPSqeqnZiaNsFyGFxCyeEKJlTtB3ysAi4OhQLv3MxqhK8P8V5aSAewrStQcM4LoAMGBIlyLTv0TYTtQypxVLXKd7BkW1qUPbod58KsGw');
INSERT INTO itemdetail (item_id,detail_id,detail_info) VALUES (30,20,'8p5BrYmvUiEvr4w6JHW8itJq0QU35nFHAr837QXNGo0kV6K58jJbkHCeBI0ar6phVvbR5uBkjQxuvC8GRg3KeMfVqL0SRRN3rlHdCPpS8dhWhIdA3it3vj5XuseVIIuWMsMLtZInefMbaVzm');
INSERT INTO itemdetail (item_id,detail_id,detail_info) VALUES (40,6,'NwTqtlXMC0y74JQdGfk00yMgWiv3qYijlE1SAkBSrlniOiRYUzLiqc7EAvWgWhJju7Dy4lzOAqw1CF320kWEROpQkQYaw8ea7AX3lrMCVb3pfNxMuCSdG7W4vyQgdUi5AuiKKBRjYikPLfElGfgVDl');
INSERT INTO itemdetail (item_id,detail_id,detail_info) VALUES (31,13,'mzAJK24ArbhMx64tpKvzQtU3BaVa0DdPLHrvvE1PVrQr3IYfHinj');
INSERT INTO itemdetail (item_id,detail_id,detail_info) VALUES (32,14,'aTt4ZQPeLSxtcv73tnRjWzuKdaKswGlYJqWtOlXUc4nK4IDOPZV8N2tyGce2d40');
INSERT INTO itemdetail (item_id,detail_id,detail_info) VALUES (26,2,'DfYza4ACbKAMCZOQw1FWEtZhqlJRM8njZTaVcbrOrmtuCCn05mix1wwiN0U7bz2jBfMPQ3B4I1jkuxEagfonEpYRwDquCmjGABYroExCzHjllTtlvqleqSLaEcUUczO8CB3uLMDzoami8CE4SH4iVbAdvvN8REXOB5muuCt8ogdH0w0YohqtXbT5gGLdHFBR7eoqJMIRXRb8JRWh23gVvmk8');
INSERT INTO itemdetail (item_id,detail_id,detail_info) VALUES (36,12,'1YySAnu3dYUvVZy0wxNzpF5rZKohaDv0BSv8TehfGafzad3XBZtP5wBP0nppF07MLKECPHCkNMdDiI');
INSERT INTO itemdetail (item_id,detail_id,detail_info) VALUES (26,17,'2GgpEuASG4sCQj6WSVKq3rrJlS7nINvK3QjehIG8kCqhUEyZstRGaFiZ0YEtjNc65OSGR88RG8Z8FnzEnTVgZgM7W');
INSERT INTO itemdetail (item_id,detail_id,detail_info) VALUES (35,5,'o0logHaMrRTiLJ5aPO4mjAfaJHd5IEXt07ccuCCiCpNQe4SgYtmE3lxH648FfryBY01K7fd1sklEGOg53KTWU6HZjuAGohFZT0bxzVgdKx7CzELgO');
INSERT INTO itemdetail (item_id,detail_id,detail_info) VALUES (29,6,'bkKtfWarYONhU5GcHHU7P0PQjzEnDOdBNb0ddcOmpvT7FZG4KnCB1OOrcJk5OUg8jZTn');
INSERT INTO itemdetail (item_id,detail_id,detail_info) VALUES (34,10,'MQ75BgTUfi3IoTzrL7yEDotHLgk6JwpH6zU53quDmJOQopi5yp1LITag6ljU2BUS2xoJL7uUKly4KmuLj');
INSERT INTO itemdetail (item_id,detail_id,detail_info) VALUES (39,14,'7tmNFubEOUEZkDL05TH8z3PRPFUK5tIXTFrPXmG5wLeEl1pOUlGqRUOIdrMNjHDg7zqVleAy');
INSERT INTO itemdetail (item_id,detail_id,detail_info) VALUES (28,2,'BDxpvKvRKQj5RNHOX4DTkTYCqjMqeI0dOW2bl7ejUQz8SQbQMoV72RqU6GMoBywJaT5z0ywZqX4bdC1haAFCYU1yOIrDQmiSB8Ym5tkk4LQfTmGqYOgTtOU475SE');
INSERT INTO itemdetail (item_id,detail_id,detail_info) VALUES (37,10,'CvFs55ga5lSj5HDyMxCaG2ZLyT5Zt82HimXiuKuxclC3m1Rc8NYJDNIYcLSKgJFqKftr8YUCNzY51sVQ10UIJuFzrcr2aCW7VC2zIiPVz6fw5GaswqoywRw0hvbKQwTOKXwBHKSwnwg1Gk5huPokGu2sO2LJ8aBD7PC8i4hWlT7lWqho7O2DPAVJlkfWf0oBflq4T1vc1SBdyL8oPFdfS');
INSERT INTO itemdetail (item_id,detail_id,detail_info) VALUES (38,15,'nueF0L8AgLegbiobGXsU');
INSERT INTO itemdetail (item_id,detail_id,detail_info) VALUES (31,19,'QefWLRq6nmivwrbFl6bZpsH6RCIYxoOi7ObTnBmOqSkcQxxaeQQUWf7Y5wVjLihuOP6XtiZMSBChXDynV1BjTJ6XcNY23ytLMPQipN1DgY6hwgt2vFubhJ72Hh51pBLKhhwqAspqf1nSh2HqcdDBdh0npwTKNQVYubFcqmvchG1PDFkMgsn7Td2wmEB3vT2nT53DRPClclvQ');
INSERT INTO itemdetail (item_id,detail_id,detail_info) VALUES (35,20,'ljbo0XxCCcAJ8h4YbvwoCCDyK00tQL1OePHj5lz');
INSERT INTO itemdetail (item_id,detail_id,detail_info) VALUES (28,10,'esYuragTNclaWWCmwc3oRKQyi2s4JleDrIePPjTRZjsUXR3epVpwTXHO40');
INSERT INTO itemdetail (item_id,detail_id,detail_info) VALUES (30,11,'H2WOdiQDdTZkz7zfgVwfdT57NLAnJCGjcO5oCvEGxzIyFGOcgvr0PzRx8kAwDJceznF4obSP4X77tN2OQ2tzu6cmgBNnP2hlwqEBxXBGgE4NoYWakNmYsVzQOOclf7yyvgDgSapOEVpXylebD4J8mffq3IyA1wajKgHxmhXcC2g80k8kBd24DF8oiYZcPDbGMmT0QH0WhFUMutfMS6kaBYDfeq3Ku3a3emk');
INSERT INTO itemdetail (item_id,detail_id,detail_info) VALUES (33,17,'LK7ZlNpVg6kLRashgqEc5q1YPP8sOmJl');
INSERT INTO itemdetail (item_id,detail_id,detail_info) VALUES (26,1,'DPOuyicRzEeal4KiAyJtPga13dak2xeoRg0GuTLvMEYba71KPvcIXz8ztbCLHtKWjqSxYFAUAiwFzJW22GZMgSkvbDdKvYBCLm2gUxbqgcI7jECf3HLgLRdONVeuLbu4vN1jN8WzSnVSUXSkX4xJmNZ2JrU8UmCHWm48DO8m11r8DotPcVK2rpNXT1PGAWmC8gTGHAuHQHkLifGIzQas0PjrqoHAKm72CifjffB86tyHALlSi');
INSERT INTO itemdetail (item_id,detail_id,detail_info) VALUES (35,3,'SZLiz6wRJlVGnZ0Rwo7HnAH1AQkp46doO2BZKNbfmsFHpSzJvDbE5s6PXslWJcueYM8aBPf2JfDTarF8eIJStemfG6mBaIGOC8DuWcSNmDkAhh8ovxTXYZdW6ZiQN14Spx7GZAlRRKUQtaKFaqfrkpoikFjT4TqV8nsRyiDAX1Hm8');
INSERT INTO itemdetail (item_id,detail_id,detail_info) VALUES (27,6,'CadtFRFzlMuoRbdvoxkSitStdPn2algdy6HNolBhHPjQlc4c7MdUC13wLvVaUDbXQpXNUWcQidBm3eXWcfXgfzVZkMcUX5AGZyT84iATzuiyF3nrJzGi4UdCMK4plc33bDZLD1PxqVrbAgHk4ATtO4KMbXCgbBEgzlx0gU5q4NCsPsS6QtC');
INSERT INTO itemdetail (item_id,detail_id,detail_info) VALUES (31,8,'TM2NO27iPw5o4KDk4VBM3vhGzOdc002KW4b0ldM2KmgVuq3DRpWOmK6RrxHAeJxSem21WaEOW');
INSERT INTO itemdetail (item_id,detail_id,detail_info) VALUES (34,15,'x7RmaBSCH70ggdMPWAgZmMW5NBanT5dw8gqNsSinR11vmXaFaHFsz5ogDe6UXMvZk5nzbGCc7rHikvJJuU0csG8wWLGMfBpDvD0ZggnHHoKAHe3difW7tpoAzZ0irY');
INSERT INTO itemdetail (item_id,detail_id,detail_info) VALUES (36,18,'zMg000TOJsLIT2j5sjuGZGvA115UhjP4Rrjwdwq6gtgwsaUpQmpl7JBe0NKyydQieRGpsZ');
INSERT INTO itemdetail (item_id,detail_id,detail_info) VALUES (26,4,'uLchBdlzgN6DvT0nAGzX8ePvnUj35dRoVP4ImuLJnsgDMtOpB13Jfg0llvrFT');
INSERT INTO itemdetail (item_id,detail_id,detail_info) VALUES (33,7,'mwkPtSC3CAnajfoK2gLrqWEi8506vcLrqpyDnHPGIXvPMZ2F7RCH6GCITbFUR0fKvBaDI0fdpLF');
INSERT INTO itemdetail (item_id,detail_id,detail_info) VALUES (38,15,'IRwpaogReCoiqkVBbRrZRhphGsjMQYgYhFLFdGRenWT5dxj7kOQRiMvOZL1BICTLTAOpkg1t4GQ5iq3abuOmzE2rfmsSWnVjsHXK7Yu3U6eOlNKjYfxLW23AJgKFfXbzSgls60vm');
INSERT INTO itemdetail (item_id,detail_id,detail_info) VALUES (39,19,'O3UJh45bWePiSKJdUDWOpWY7juxbtsjrqLe3agjtWXJCyHKHzegAyXVkTcKb5PDqchTvoWaSbbiSD2HQlEuBPwfUd0RoSJBZlIgsn8O2V0Q1nUQeoAhYty5VO1B2z4SJ5vVndGlSwk3xoKhlMLtrsse2ACPmBIkOHt4p4Fshf0Ylpv1lK');
INSERT INTO itemdetail (item_id,detail_id,detail_info) VALUES (32,1,'U6PniobeRZPxgHPYqTwqn67OcbYmbvzu1QUHBDRIgODfHN2F6fT2vtFQfUBhNKUvqw11oy3kD6yZvMgGnpzFV0DCVm0HcGe7BUR0QQzyKCeGeFpZ7tyVauL3KSg1PZfvjpfk0NizaL8qKBmtWymDCKQLsU4gEyJ6nR3OcEQMjE5yCO7NHZBdCC5AqRnWkRksxRl3ZXwrBRz');
INSERT INTO itemdetail (item_id,detail_id,detail_info) VALUES (37,11,'8dU7CziRamIHPEFv8IjUuhFhQ1fae6p20WwtXPSaKSLgBTYBrYRnqlUO0KEMmH0uiCdXox1c2uyu5wiY2PxfSOHIdToHh7JaAEgijJcFKxZdfCyMighYTjdiyJxXNRHUfCxFEUzB2jcknCxCAeZhdQrbMjBeBtofs8Cd6T2X1nawDly5zYnZdNqOEKMbv5Z');
INSERT INTO itemdetail (item_id,detail_id,detail_info) VALUES (32,20,'7t6qqIZHe5P26DIf3H4wDwJwzUiRTy3xv2FgmccGvTlxNLLZ7sXlbl7JGiubLAeiRLiiLUgxpecL6BRGEZeXTwmC5J1Dryku6qWbx');
INSERT INTO itemdetail (item_id,detail_id,detail_info) VALUES (38,7,'7CLn2tGPhhyfy70NZGvmRMNFEPGTY6nE7N06Uxzoz6uzeiM2jzwflXyoCDKHxAk');
INSERT INTO itemdetail (item_id,detail_id,detail_info) VALUES (29,16,'GhutK5LIxnyTAIh1KNpbF7LVI7HzOP6ZEQomlHDt2SNct2');
INSERT INTO itemdetail (item_id,detail_id,detail_info) VALUES (30,1,'g83zIjteilplaozu3UuL8f640Dq4UF66KipikbMqGZlhQ0ONxEO0OVyWBL8TAWxYMpAhFa2h4me18aezDRVXuKFT3a3MLPzpnexptXbY5Y0kqHfCwWTKzWhec0IKtHO8Trimrm3EPuxboPWB5I8p5Y68uENPz8SDECx1rWnCnefKOG6EolgVLYud2IBPFz3i4');
INSERT INTO itemdetail (item_id,detail_id,detail_info) VALUES (32,2,'AhdwBwbU8j2lSONTQoUUfEHSZtX6ZR0KsltC3PNBSlhkARqcNpbZcmVfMsbyrloZvouUSyZgal6MDPGSKvhIzQSJJh34kUNkHbNLOKmp2cNMTGlV2LuG3xX8YczcuQTsKXpBdEjGIyYFj4uPs');
INSERT INTO itemdetail (item_id,detail_id,detail_info) VALUES (35,5,'HBqBydTDWOnRwebiLd3UnVFwjB01W4Tj7vhYJufPYNmQfus8yPrgghGgtawZU8530cUso1pbVEeE41GGwuI8v166UiHTkDuyf3eDK81LqqQgXbkb8umGDDXcCpIGDa3lGwyxhWNLpvnScK2xkKVNxyfwae84QqG3PUoEuMc7TZvDbrZS256N');
INSERT INTO itemdetail (item_id,detail_id,detail_info) VALUES (39,9,'wb4wsFPrlitV6ocGTAGnPYFRxDOxSqsaMxjkOaQsXfiBbKK3Cfqh2ENoYehR4gMbEdNyb7dYPU7ttLjtZE7hg3wopmWoomaX');
INSERT INTO itemdetail (item_id,detail_id,detail_info) VALUES (28,14,'xpwP45IXAqP3yBDymYPHls1EuvEF2dKQAAkxGwWQI2diLBzdvXdmNYjmmQVjhYrGyDXxb6hVhaw7HwnTbjONk8shpMbGg8HIGnEYoBGEp4quUf8RmUmGJbwXDBF8u1iTBfQ1xSg0NqSLZST88dIKQR4UfjSwqNojFSJTBcgjq3BFGNOdxaZ1g8VqRNLt');
INSERT INTO itemdetail (item_id,detail_id,detail_info) VALUES (29,15,'47czOC5JVO0ofUqoPkINtkIzWiNwyy7x3scvzNkQxYBPQYHv7lSFviV666kwYwCn3cZ5y6fwJ8vGCS2ZUI0w0Hk1W55XEI3Bwo3ojIUBmz1EbXu7KX7MZkUyGffVOkzFD3vtxn8332bU5Xfrxc07kHqzaekseZnkES12MDhaWzA4JlFdUvFzM5ptnC5UKzwbI2nXQ');
INSERT INTO itemdetail (item_id,detail_id,detail_info) VALUES (38,16,'tkqjYqs8XTSCNAxDO7X45lEBk7uNM51OJHKFBxipNrkjZU2qLz87JMTXvVxjNlvjwWA');
INSERT INTO itemdetail (item_id,detail_id,detail_info) VALUES (31,2,'dXMwvXaquwXSPMYexFN0FzkDwkSXfObgDigqCsCLfhmVspYNFawcMpoelx02V2mfqNBhFYzZQwdqptntUkFu0wWeD16hz0vHWKFGjXOY1mYQIkQTOgKO2akIvo5nWpPUT2sZd3W0FzITp8WZCYOMl0MMMiHwU75PpZsHp');
INSERT INTO itemdetail (item_id,detail_id,detail_info) VALUES (26,12,'VvxJn23xG12H');
INSERT INTO itemdetail (item_id,detail_id,detail_info) VALUES (33,16,'AxA18Ge3P12LktqeHx5KHTdBHucGQN6k3ttegAPUiOkgqtr5VgdnjkJLrUdhaJ83dg1Y4BvQJArE4YsBCvt1bvSNJXekYTXXc7eRkE');
INSERT INTO itemdetail (item_id,detail_id,detail_info) VALUES (40,5,'XGWV4E6QFjTiqL0FyDZCSAQAbm6LRdRbxBD8r8L6MgQJsxo3hu64F2OPROXBmzX5wEKT03O4ZdHRSfIzQVPYn72lj0OdOMAQw0ZqEl8ltpt6FLAGllIV1jfdLQMK4tYB6YoVhcAWYMgVnGlO6IsAhpWtLp5xa0A31aPBXdtiJVJZF');
INSERT INTO itemdetail (item_id,detail_id,detail_info) VALUES (30,9,'6HuR7eYiiJ7pKOYEx2iSZepEslKX3N0ukyjIFbR4ZE5nFrYyz5omseHqUmE2vkKRQE6AtDWWxFDTCZWkj3zuhmOGf53v6Jf3lXCtjfFyDdG6SYJTrSHalbVZHRBThEcRhsHwEGzPkMYmcVg7e');



INSERT INTO notification (notification_id) VALUES (1);
INSERT INTO notification (notification_id) VALUES (2);
INSERT INTO notification (notification_id) VALUES (3);
INSERT INTO notification (notification_id) VALUES (4);
INSERT INTO notification (notification_id) VALUES (5);
INSERT INTO notification (notification_id) VALUES (6);
INSERT INTO notification (notification_id) VALUES (7);
INSERT INTO notification (notification_id) VALUES (8);
INSERT INTO notification (notification_id) VALUES (9);
INSERT INTO notification (notification_id) VALUES (10);
INSERT INTO notification (notification_id) VALUES (11);
INSERT INTO notification (notification_id) VALUES (12);
INSERT INTO notification (notification_id) VALUES (13);
INSERT INTO notification (notification_id) VALUES (14);
INSERT INTO notification (notification_id) VALUES (15);
INSERT INTO notification (notification_id) VALUES (16);
INSERT INTO notification (notification_id) VALUES (17);
INSERT INTO notification (notification_id) VALUES (18);
INSERT INTO notification (notification_id) VALUES (19);
INSERT INTO notification (notification_id) VALUES (20);
INSERT INTO notification (notification_id) VALUES (21);
INSERT INTO notification (notification_id) VALUES (22);
INSERT INTO notification (notification_id) VALUES (23);
INSERT INTO notification (notification_id) VALUES (24);
INSERT INTO notification (notification_id) VALUES (25);
INSERT INTO notification (notification_id) VALUES (26);
INSERT INTO notification (notification_id) VALUES (27);
INSERT INTO notification (notification_id) VALUES (28);
INSERT INTO notification (notification_id) VALUES (29);
INSERT INTO notification (notification_id) VALUES (30);
INSERT INTO notification (notification_id) VALUES (31);
INSERT INTO notification (notification_id) VALUES (32);
INSERT INTO notification (notification_id) VALUES (33);
INSERT INTO notification (notification_id) VALUES (34);
INSERT INTO notification (notification_id) VALUES (35);
INSERT INTO notification (notification_id) VALUES (36);
INSERT INTO notification (notification_id) VALUES (37);
INSERT INTO notification (notification_id) VALUES (38);
INSERT INTO notification (notification_id) VALUES (39);
INSERT INTO notification (notification_id) VALUES (40);



INSERT INTO photo (photo_id,path) VALUES (1,'C:\DATA\TEMP\sales15.html');
INSERT INTO photo (photo_id,path) VALUES (2,'C:\TEMP\work54.xml');
INSERT INTO photo (photo_id,path) VALUES (3,'C:\TEMPORARY\work08.doc');
INSERT INTO photo (photo_id,path) VALUES (4,'C:\APPDATA\DOCS\personal49.doc');
INSERT INTO photo (photo_id,path) VALUES (5,'C:\TEMPORARY\DATA\stats71.doc');
INSERT INTO photo (photo_id,path) VALUES (6,'C:\APPDATA\DOCS\agreement34.html');
INSERT INTO photo (photo_id,path) VALUES (7,'C:\TEMP\TEMP\personal83.html');
INSERT INTO photo (photo_id,path) VALUES (8,'C:\PROGRAM FILES\RELS\personal61.html');
INSERT INTO photo (photo_id,path) VALUES (9,'C:\APPDATA\DOC\sales29.txt');
INSERT INTO photo (photo_id,path) VALUES (10,'C:\TEMP\DATA\ref73.txt');
INSERT INTO photo (photo_id,path) VALUES (11,'C:\TEMPORARY\DOCS\ref81.docx');
INSERT INTO photo (photo_id,path) VALUES (12,'C:\DOCUMENTS\TEMP\contract66.doc');
INSERT INTO photo (photo_id,path) VALUES (13,'C:\DATA\stats12.txt');
INSERT INTO photo (photo_id,path) VALUES (14,'C:\DOCUMENTS\stats06.docx');
INSERT INTO photo (photo_id,path) VALUES (15,'C:\DOCUMENTS\RELS\contact21.xml');
INSERT INTO photo (photo_id,path) VALUES (16,'C:\DATA\agreement01.xls');
INSERT INTO photo (photo_id,path) VALUES (17,'C:\TEMPORARY\DOC\agreement98.docx');
INSERT INTO photo (photo_id,path) VALUES (18,'C:\DOCUMENTS\DOCS\stats58.xml');
INSERT INTO photo (photo_id,path) VALUES (19,'C:\APPDATA\contract65.txt');
INSERT INTO photo (photo_id,path) VALUES (20,'C:\TEMPORARY\DOC\ref96.html');
INSERT INTO photo (photo_id,path) VALUES (21,'C:\DATA\DOC\ref84.xls');
INSERT INTO photo (photo_id,path) VALUES (22,'C:\APPDATA\RELS\contract31.doc');
INSERT INTO photo (photo_id,path) VALUES (23,'C:\DATA\RELS\refer03.txt');
INSERT INTO photo (photo_id,path) VALUES (24,'C:\TEMPORARY\DATA\agreement94.html');
INSERT INTO photo (photo_id,path) VALUES (25,'C:\DOCUMENTS\stats84.doc');
INSERT INTO photo (photo_id,path) VALUES (26,'C:\DATA\stats16.docx');
INSERT INTO photo (photo_id,path) VALUES (27,'C:\TEMP\DOC\stats05.docx');
INSERT INTO photo (photo_id,path) VALUES (28,'C:\PROGRAM FILES\DOC\ref74.xls');
INSERT INTO photo (photo_id,path) VALUES (29,'C:\DOCS\TEMP\contact02.txt');
INSERT INTO photo (photo_id,path) VALUES (30,'C:\PROGRAM FILES\DATA\refer22.docx');
INSERT INTO photo (photo_id,path) VALUES (31,'C:\TEMPORARY\ref24.txt');
INSERT INTO photo (photo_id,path) VALUES (32,'C:\PROGRAM FILES\DOCS\stats50.xml');
INSERT INTO photo (photo_id,path) VALUES (33,'C:\DOCUMENTS\DATA\contact49.doc');
INSERT INTO photo (photo_id,path) VALUES (34,'C:\TEMP\RELS\ref73.doc');
INSERT INTO photo (photo_id,path) VALUES (35,'C:\TEMPORARY\RELS\work51.xls');
INSERT INTO photo (photo_id,path) VALUES (36,'C:\PROGRAM FILES\TEMP\sales36.xml');
INSERT INTO photo (photo_id,path) VALUES (37,'C:\DATA\agreement18.doc');
INSERT INTO photo (photo_id,path) VALUES (38,'C:\DOCUMENTS\DOC\agreement37.docx');
INSERT INTO photo (photo_id,path) VALUES (39,'C:\DOCS\RELS\work69.xls');
INSERT INTO photo (photo_id,path) VALUES (40,'C:\TEMP\TEMP\personal23.html');
INSERT INTO photo (photo_id,path) VALUES (41,'C:\DATA\RELS\sales00.html');
INSERT INTO photo (photo_id,path) VALUES (42,'C:\DATA\RELS\refer57.xml');
INSERT INTO photo (photo_id,path) VALUES (43,'C:\TEMPORARY\DOCS\refer04.txt');
INSERT INTO photo (photo_id,path) VALUES (44,'C:\PROGRAM FILES\agreement01.docx');
INSERT INTO photo (photo_id,path) VALUES (45,'C:\TEMP\DOC\refer93.docx');
INSERT INTO photo (photo_id,path) VALUES (46,'C:\TEMP\DOC\personal85.xls');
INSERT INTO photo (photo_id,path) VALUES (47,'C:\TEMP\DOCS\refer41.xls');
INSERT INTO photo (photo_id,path) VALUES (48,'C:\TEMP\RELS\personal53.txt');
INSERT INTO photo (photo_id,path) VALUES (49,'C:\TEMP\DOCS\agreement36.xml');
INSERT INTO photo (photo_id,path) VALUES (50,'C:\TEMPORARY\RELS\contact33.xls');
INSERT INTO photo (photo_id,path) VALUES (51,'C:\TEMP\RELS\personal34.txt');
INSERT INTO photo (photo_id,path) VALUES (52,'C:\DATA\agreement91.docx');
INSERT INTO photo (photo_id,path) VALUES (53,'C:\APPDATA\TEMP\contact06.doc');
INSERT INTO photo (photo_id,path) VALUES (54,'C:\DOCUMENTS\RELS\sales30.doc');
INSERT INTO photo (photo_id,path) VALUES (55,'C:\DOCUMENTS\TEMP\sales38.xml');
INSERT INTO photo (photo_id,path) VALUES (56,'C:\APPDATA\RELS\refer75.html');
INSERT INTO photo (photo_id,path) VALUES (57,'C:\PROGRAM FILES\DOC\stats84.docx');
INSERT INTO photo (photo_id,path) VALUES (58,'C:\APPDATA\DATA\personal41.doc');
INSERT INTO photo (photo_id,path) VALUES (59,'C:\TEMP\DOCS\ref75.docx');
INSERT INTO photo (photo_id,path) VALUES (60,'C:\TEMP\RELS\agreement32.txt');
INSERT INTO photo (photo_id,path) VALUES (61,'C:\DOCUMENTS\RELS\ref99.html');
INSERT INTO photo (photo_id,path) VALUES (62,'C:\APPDATA\DATA\contract68.html');
INSERT INTO photo (photo_id,path) VALUES (63,'C:\PROGRAM FILES\TEMP\personal03.doc');
INSERT INTO photo (photo_id,path) VALUES (64,'C:\TEMPORARY\RELS\contact73.docx');
INSERT INTO photo (photo_id,path) VALUES (65,'C:\TEMPORARY\RELS\personal62.docx');
INSERT INTO photo (photo_id,path) VALUES (66,'C:\DOCS\DATA\agreement79.xls');
INSERT INTO photo (photo_id,path) VALUES (67,'C:\TEMP\DATA\personal18.xml');
INSERT INTO photo (photo_id,path) VALUES (68,'C:\TEMP\RELS\personal04.txt');
INSERT INTO photo (photo_id,path) VALUES (69,'C:\TEMP\DOC\stats80.xml');
INSERT INTO photo (photo_id,path) VALUES (70,'C:\TEMP\TEMP\stats32.docx');
INSERT INTO photo (photo_id,path) VALUES (71,'C:\TEMPORARY\sales18.docx');
INSERT INTO photo (photo_id,path) VALUES (72,'C:\APPDATA\DOCS\contract86.xml');
INSERT INTO photo (photo_id,path) VALUES (73,'C:\DATA\DATA\sales48.docx');
INSERT INTO photo (photo_id,path) VALUES (74,'C:\APPDATA\DATA\contact81.docx');
INSERT INTO photo (photo_id,path) VALUES (75,'C:\DOCS\DATA\sales92.xml');
INSERT INTO photo (photo_id,path) VALUES (76,'C:\DOCUMENTS\DOC\work74.xls');
INSERT INTO photo (photo_id,path) VALUES (77,'C:\DOCUMENTS\DATA\refer12.xml');
INSERT INTO photo (photo_id,path) VALUES (78,'C:\DOCUMENTS\TEMP\contract08.xls');
INSERT INTO photo (photo_id,path) VALUES (79,'C:\TEMP\DATA\contact01.xls');
INSERT INTO photo (photo_id,path) VALUES (80,'C:\PROGRAM FILES\DOC\contact62.html');
INSERT INTO photo (photo_id,path) VALUES (81,'C:\TEMP\work32.doc');
INSERT INTO photo (photo_id,path) VALUES (82,'C:\TEMP\DOCS\sales82.doc');
INSERT INTO photo (photo_id,path) VALUES (83,'C:\DOCS\DOC\work63.xml');
INSERT INTO photo (photo_id,path) VALUES (84,'C:\TEMP\DATA\work30.xml');
INSERT INTO photo (photo_id,path) VALUES (85,'C:\DOCS\DOCS\refer68.xls');
INSERT INTO photo (photo_id,path) VALUES (86,'C:\APPDATA\DOC\ref00.html');
INSERT INTO photo (photo_id,path) VALUES (87,'C:\DOCUMENTS\DOCS\work79.xml');
INSERT INTO photo (photo_id,path) VALUES (88,'C:\DOCS\DATA\work96.doc');
INSERT INTO photo (photo_id,path) VALUES (89,'C:\TEMP\DATA\stats56.txt');
INSERT INTO photo (photo_id,path) VALUES (90,'C:\PROGRAM FILES\TEMP\ref22.xls');



INSERT INTO stock_notification (notification_id) VALUES (1);
INSERT INTO stock_notification (notification_id) VALUES (2);
INSERT INTO stock_notification (notification_id) VALUES (3);
INSERT INTO stock_notification (notification_id) VALUES (4);
INSERT INTO stock_notification (notification_id) VALUES (5);
INSERT INTO stock_notification (notification_id) VALUES (6);
INSERT INTO stock_notification (notification_id) VALUES (7);
INSERT INTO stock_notification (notification_id) VALUES (8);
INSERT INTO stock_notification (notification_id) VALUES (9);
INSERT INTO stock_notification (notification_id) VALUES (10);
INSERT INTO stock_notification (notification_id) VALUES (11);
INSERT INTO stock_notification (notification_id) VALUES (12);
INSERT INTO stock_notification (notification_id) VALUES (13);
INSERT INTO stock_notification (notification_id) VALUES (14);
INSERT INTO stock_notification (notification_id) VALUES (15);
INSERT INTO stock_notification (notification_id) VALUES (16);
INSERT INTO stock_notification (notification_id) VALUES (17);
INSERT INTO stock_notification (notification_id) VALUES (18);
INSERT INTO stock_notification (notification_id) VALUES (19);
INSERT INTO stock_notification (notification_id) VALUES (20);



INSERT INTO address (address_id,city,street,zip_code,country_id) VALUES (1,'Jimo','HighLane','59928',11);
INSERT INTO address (address_id,city,street,zip_code,country_id) VALUES (2,'Jilin','StationAve','71992',NULL);
INSERT INTO address (address_id,city,street,zip_code,country_id) VALUES (3,'ADDIS ABABA','Park Lane','64821',11);
INSERT INTO address (address_id,city,street,zip_code,country_id) VALUES (4,'ADDIS ABABA','YorkStreet','41626',11);
INSERT INTO address (address_id,city,street,zip_code,country_id) VALUES (5,'Lianyuan','WashingtonDrive','56179',15);
INSERT INTO address (address_id,city,street,zip_code,country_id) VALUES (6,'Abidjan','GroveStreet','88707',24);
INSERT INTO address (address_id,city,street,zip_code,country_id) VALUES (7,'SEOUL','George Way','67330',24);
INSERT INTO address (address_id,city,street,zip_code,country_id) VALUES (8,'Qiqihaer','ManchesterDrive','69003',24);
INSERT INTO address (address_id,city,street,zip_code,country_id) VALUES (9,'New York (NY)','First Road','28612',27);
INSERT INTO address (address_id,city,street,zip_code,country_id) VALUES (10,'TEHRAN','North Road','95102',30);
INSERT INTO address (address_id,city,street,zip_code,country_id) VALUES (11,'Palembang','Green Street','76719',30);
INSERT INTO address (address_id,city,street,zip_code,country_id) VALUES (12,'Ludhiana','MainDrive','19497',30);
INSERT INTO address (address_id,city,street,zip_code,country_id) VALUES (13,'Semarang','HighfieldDrive','42646',27);
INSERT INTO address (address_id,city,street,zip_code,country_id) VALUES (14,'Gongzhuling','New Lane','67232',29);
INSERT INTO address (address_id,city,street,zip_code,country_id) VALUES (15,'Curitiba','Manchester Ave','32036',29);
INSERT INTO address (address_id,city,street,zip_code,country_id) VALUES (16,'Dingzhou','Ninth Road','20011',28);
INSERT INTO address (address_id,city,street,zip_code,country_id) VALUES (17,'Haerbin','Third Drive','81738',28);
INSERT INTO address (address_id,city,street,zip_code,country_id) VALUES (18,'Algiers','Richmond Ave','25790',NULL);
INSERT INTO address (address_id,city,street,zip_code,country_id) VALUES (19,'ANKARA','LakeRoad','18159',28);
INSERT INTO address (address_id,city,street,zip_code,country_id) VALUES (20,'Guikong','Second Way','30586',28);
INSERT INTO address (address_id,city,street,zip_code,country_id) VALUES (21,'QUITO','Elm Ave','62152',28);
INSERT INTO address (address_id,city,street,zip_code,country_id) VALUES (22,'Shiraz','ElmStreet','90970',NULL);
INSERT INTO address (address_id,city,street,zip_code,country_id) VALUES (23,'Pingxiang','ViewLane','29239',29);
INSERT INTO address (address_id,city,street,zip_code,country_id) VALUES (24,'Kawasaki','CedarWay','75365',26);
INSERT INTO address (address_id,city,street,zip_code,country_id) VALUES (25,'RABAT','Fourth Ave','47546',26);
INSERT INTO address (address_id,city,street,zip_code,country_id) VALUES (26,'Haozhou','Second Road','77143',26);
INSERT INTO address (address_id,city,street,zip_code,country_id) VALUES (27,'Curitiba','MapleRoad','04458',30);
INSERT INTO address (address_id,city,street,zip_code,country_id) VALUES (28,'Madras','StationLane','53902',30);
INSERT INTO address (address_id,city,street,zip_code,country_id) VALUES (29,'Shijiazhuang','Maple Street','31182',26);
INSERT INTO address (address_id,city,street,zip_code,country_id) VALUES (30,'Karachi','ManchesterRoad','52087',26);



INSERT INTO advertisement (advertisement_id,title,begin_date,end_date,photo_id) VALUES (1,'Esq','08/03/2000 06:31:00','11/30/2019 07:39:00',5);
INSERT INTO advertisement (advertisement_id,title,begin_date,end_date,photo_id) VALUES (2,'Lady','10/21/2002 07:24:00','10/04/2011 10:33:00',5);
INSERT INTO advertisement (advertisement_id,title,begin_date,end_date,photo_id) VALUES (3,'Mrs','05/02/2013 10:15:00','01/09/2020 00:56:00',8);
INSERT INTO advertisement (advertisement_id,title,begin_date,end_date,photo_id) VALUES (4,'Lady','10/13/2018 06:47:00','10/14/2017 01:27:00',8);
INSERT INTO advertisement (advertisement_id,title,begin_date,end_date,photo_id) VALUES (5,'Dame ','09/18/2017 05:44:00','10/20/2017 06:58:00',8);
INSERT INTO advertisement (advertisement_id,title,begin_date,end_date,photo_id) VALUES (6,'Prof','06/20/2016 05:46:00','01/29/2021 04:00:00',13);
INSERT INTO advertisement (advertisement_id,title,begin_date,end_date,photo_id) VALUES (7,'Dame ','08/20/2003 01:31:00','02/16/2013 05:07:00',17);
INSERT INTO advertisement (advertisement_id,title,begin_date,end_date,photo_id) VALUES (8,'Mstr','03/20/2013 09:37:00','01/24/2008 07:46:00',17);
INSERT INTO advertisement (advertisement_id,title,begin_date,end_date,photo_id) VALUES (9,'Esq','03/03/2006 01:26:00','04/25/2018 01:03:00',19);
INSERT INTO advertisement (advertisement_id,title,begin_date,end_date,photo_id) VALUES (10,'Mr','08/07/2004 01:30:00','01/30/2009 10:21:00',19);
INSERT INTO advertisement (advertisement_id,title,begin_date,end_date,photo_id) VALUES (11,'Dame ','04/05/2005 10:43:00','01/06/2018 02:16:00',19);
INSERT INTO advertisement (advertisement_id,title,begin_date,end_date,photo_id) VALUES (12,'Lord','11/23/2002 04:55:00','02/21/2001 04:53:00',NULL);
INSERT INTO advertisement (advertisement_id,title,begin_date,end_date,photo_id) VALUES (13,'Mr','08/11/2003 10:04:00','04/06/2013 01:38:00',19);
INSERT INTO advertisement (advertisement_id,title,begin_date,end_date,photo_id) VALUES (14,'Mr','08/26/2001 06:28:00','07/04/2018 09:51:00',NULL);
INSERT INTO advertisement (advertisement_id,title,begin_date,end_date,photo_id) VALUES (15,'Mr','01/02/2007 08:36:00','03/03/2002 04:03:00',26);
INSERT INTO advertisement (advertisement_id,title,begin_date,end_date,photo_id) VALUES (16,'Dr','09/18/2017 02:52:00','09/12/2007 10:24:00',26);
INSERT INTO advertisement (advertisement_id,title,begin_date,end_date,photo_id) VALUES (17,'Esq','05/11/2009 08:56:00','03/29/2001 02:08:00',26);
INSERT INTO advertisement (advertisement_id,title,begin_date,end_date,photo_id) VALUES (18,'Dr','11/23/2008 02:24:00','08/03/2019 08:13:00',30);
INSERT INTO advertisement (advertisement_id,title,begin_date,end_date,photo_id) VALUES (19,'Ms','01/01/2009 00:54:00','09/20/2000 01:00:00',30);
INSERT INTO advertisement (advertisement_id,title,begin_date,end_date,photo_id) VALUES (20,'Mrs','11/29/2011 00:29:00','07/10/2008 03:45:00',30);



INSERT INTO apply_discount (item_id,discount_id) VALUES (10,5);
INSERT INTO apply_discount (item_id,discount_id) VALUES (11,10);
INSERT INTO apply_discount (item_id,discount_id) VALUES (12,14);
INSERT INTO apply_discount (item_id,discount_id) VALUES (20,1);
INSERT INTO apply_discount (item_id,discount_id) VALUES (28,2);
INSERT INTO apply_discount (item_id,discount_id) VALUES (33,12);
INSERT INTO apply_discount (item_id,discount_id) VALUES (38,17);
INSERT INTO apply_discount (item_id,discount_id) VALUES (31,3);
INSERT INTO apply_discount (item_id,discount_id) VALUES (26,6);
INSERT INTO apply_discount (item_id,discount_id) VALUES (28,8);
INSERT INTO apply_discount (item_id,discount_id) VALUES (36,10);
INSERT INTO apply_discount (item_id,discount_id) VALUES (40,14);
INSERT INTO apply_discount (item_id,discount_id) VALUES (33,17);
INSERT INTO apply_discount (item_id,discount_id) VALUES (26,20);
INSERT INTO apply_discount (item_id,discount_id) VALUES (32,1);
INSERT INTO apply_discount (item_id,discount_id) VALUES (36,10);
INSERT INTO apply_discount (item_id,discount_id) VALUES (30,16);
INSERT INTO apply_discount (item_id,discount_id) VALUES (36,4);
INSERT INTO apply_discount (item_id,discount_id) VALUES (26,6);
INSERT INTO apply_discount (item_id,discount_id) VALUES (35,12);



INSERT INTO category_detail (category_id,detail_id) VALUES (2,5);
INSERT INTO category_detail (category_id,detail_id) VALUES (3,10);
INSERT INTO category_detail (category_id,detail_id) VALUES (4,19);
INSERT INTO category_detail (category_id,detail_id) VALUES (5,6);
INSERT INTO category_detail (category_id,detail_id) VALUES (6,15);
INSERT INTO category_detail (category_id,detail_id) VALUES (1,19);
INSERT INTO category_detail (category_id,detail_id) VALUES (2,20);
INSERT INTO category_detail (category_id,detail_id) VALUES (3,3);
INSERT INTO category_detail (category_id,detail_id) VALUES (4,10);
INSERT INTO category_detail (category_id,detail_id) VALUES (5,12);
INSERT INTO category_detail (category_id,detail_id) VALUES (6,13);
INSERT INTO category_detail (category_id,detail_id) VALUES (1,15);
INSERT INTO category_detail (category_id,detail_id) VALUES (2,1);
INSERT INTO category_detail (category_id,detail_id) VALUES (3,3);
INSERT INTO category_detail (category_id,detail_id) VALUES (4,10);
INSERT INTO category_detail (category_id,detail_id) VALUES (5,12);
INSERT INTO category_detail (category_id,detail_id) VALUES (6,19);
INSERT INTO category_detail (category_id,detail_id) VALUES (1,1);
INSERT INTO category_detail (category_id,detail_id) VALUES (2,7);
INSERT INTO category_detail (category_id,detail_id) VALUES (3,12);



INSERT INTO item_photo (photo_id,item_id) VALUES (2,8);
INSERT INTO item_photo (photo_id,item_id) VALUES (3,11);
INSERT INTO item_photo (photo_id,item_id) VALUES (13,11);
INSERT INTO item_photo (photo_id,item_id) VALUES (18,11);
INSERT INTO item_photo (photo_id,item_id) VALUES (26,21);
INSERT INTO item_photo (photo_id,item_id) VALUES (27,27);
INSERT INTO item_photo (photo_id,item_id) VALUES (31,27);
INSERT INTO item_photo (photo_id,item_id) VALUES (38,27);
INSERT INTO item_photo (photo_id,item_id) VALUES (45,34);
INSERT INTO item_photo (photo_id,item_id) VALUES (54,40);
INSERT INTO item_photo (photo_id,item_id) VALUES (56,34);
INSERT INTO item_photo (photo_id,item_id) VALUES (60,34);
INSERT INTO item_photo (photo_id,item_id) VALUES (67,34);
INSERT INTO item_photo (photo_id,item_id) VALUES (74,40);
INSERT INTO item_photo (photo_id,item_id) VALUES (75,26);
INSERT INTO item_photo (photo_id,item_id) VALUES (81,26);
INSERT INTO item_photo (photo_id,item_id) VALUES (82,28);
INSERT INTO item_photo (photo_id,item_id) VALUES (77,28);
INSERT INTO item_photo (photo_id,item_id) VALUES (78,28);
INSERT INTO item_photo (photo_id,item_id) VALUES (79,37);
INSERT INTO item_photo (photo_id,item_id) VALUES (88,37);
INSERT INTO item_photo (photo_id,item_id) VALUES (80,37);
INSERT INTO item_photo (photo_id,item_id) VALUES (83,28);
INSERT INTO item_photo (photo_id,item_id) VALUES (77,28);
INSERT INTO item_photo (photo_id,item_id) VALUES (78,28);
INSERT INTO item_photo (photo_id,item_id) VALUES (83,30);
INSERT INTO item_photo (photo_id,item_id) VALUES (77,30);
INSERT INTO item_photo (photo_id,item_id) VALUES (86,37);
INSERT INTO item_photo (photo_id,item_id) VALUES (90,27);
INSERT INTO item_photo (photo_id,item_id) VALUES (84,31);
INSERT INTO item_photo (photo_id,item_id) VALUES (86,32);
INSERT INTO item_photo (photo_id,item_id) VALUES (90,32);
INSERT INTO item_photo (photo_id,item_id) VALUES (83,32);
INSERT INTO item_photo (photo_id,item_id) VALUES (84,39);
INSERT INTO item_photo (photo_id,item_id) VALUES (88,39);
INSERT INTO item_photo (photo_id,item_id) VALUES (83,29);
INSERT INTO item_photo (photo_id,item_id) VALUES (88,29);
INSERT INTO item_photo (photo_id,item_id) VALUES (90,29);
INSERT INTO item_photo (photo_id,item_id) VALUES (85,32);
INSERT INTO item_photo (photo_id,item_id) VALUES (78,32);



INSERT INTO users (user_id,username,email,first_name,last_name,password,deleted,img,billing_address,shipping_address) VALUES (1,'Ruth44','CiskaArden2@excite.es','Koos','Ijukop','5eiGnLgt74ugtjjvFcochpaeL2WZ6jyIjrjBbzDri2Xg0BHq00Uc3byMOrGQnvPxKZjFLBUKdpXwrPtX',True,8,3,NULL);
INSERT INTO users (user_id,username,email,first_name,last_name,password,deleted,img,billing_address,shipping_address) VALUES (2,'Caroline085','I.Miller@mymail.de','Filip','Martin','6pDtmgpgz7JWoMmQbLYQGM1DrofAJQuGP2Xx7VzdisdrwjFwcLRirK6dewVG2ug8M6EswOAFtHR6IKJ3TBYhmf1El5UcIXBu8Y5WufFZE8nlCxNfua8DdQn45adYcL2jVzjQr',True,8,10,10);
INSERT INTO users (user_id,username,email,first_name,last_name,password,deleted,img,billing_address,shipping_address) VALUES (3,'Dylan','Jack.Barnett5@libero.gov','Elena','Johnson','X2veywqXdKRUFm16W2X7xWAW4yExTkK',NULL,16,10,10);
INSERT INTO users (user_id,username,email,first_name,last_name,password,deleted,img,billing_address,shipping_address) VALUES (4,'Thomas','Jean.Barnett@yahoo.it','Ana','Clark','6a7FeNXhABmQgtLxkE6WyiBC2tWoQSpUxkldVPZqiVrzfRMk2FkR3vLeKKJ3Hy03u',True,16,10,10);
INSERT INTO users (user_id,username,email,first_name,last_name,password,deleted,img,billing_address,shipping_address) VALUES (5,'Sara','Johan.Warner@live.com','Krzysztof','Simonent','DmAbHDOyDEnJ4Mp2MiM4JQw5j25GffGpwN4LsttygA0WGKk4InDL0bl4ItlRXCkQrpGLb3tOrpffuywxGLbHI4pnJqtURRDlp8ThWxRQA8Wdo1LzirKsLICZbF0x3gudfpWVLOk8jGxCnRv7lSUxGLWZlKpOfWHnAZ1RBMO7TYYnaMWl80iBX6YYyHgwvy5yyiWiRmQWDHmKRbtaRUy8FZmSkVsG5Pqc42aiJOo45wxEru4xYGx0oSG6Qt',True,16,17,17);
INSERT INTO users (user_id,username,email,first_name,last_name,password,deleted,img,billing_address,shipping_address) VALUES (6,'Chuck945','RogierNithman@live.us','Julia','Richter','WhRgYieliN2qln6cIez6YByLZzZiFEoxm2alDeBcBSuEqwg5YpD35vuUbDqcTvk8UjBBN7yZj',True,19,21,21);
INSERT INTO users (user_id,username,email,first_name,last_name,password,deleted,img,billing_address,shipping_address) VALUES (7,'Victor358','Maddy.van Dijk1@live.be','Kay','Lawton','vXjpamytwsE2mIe63u8EOySQxRHqN0qZXfJ7d8jNbWF8YeYqafSZN5yIr60MebUWPxU05FzaVZ7mYkmUncwjYrGOxXwEnGwRPyGKD1RLzZDIoc7ibLiXg650eTi2NAB3evWFBCgpyTXT5EpMWmfj8NL0ta82eh6c08JtxufizETsc7AlUmyrwTw8EsT8PXs3RSGGWjk',False,22,21,21);
INSERT INTO users (user_id,username,email,first_name,last_name,password,deleted,img,billing_address,shipping_address) VALUES (8,'Olivia6','MattijsNithman@live.cn','Linnea','Raines','kkmR1R7g6VtzFkUnbX4gDkvYlHP7BXgnHHTEuNEE3qrjN1dor4SgWTTrKve8CdaA34nZxQYjYAj7ozCfNqNgK5Y5Ss4tRaKVj6B4QqJBIVXoiP4QlvE87FPvVPl00GMRaolnyQhBvLrCSjUTpNc7PMUqF0GsanMaysQj0ZaW3Woo',True,22,21,21);
INSERT INTO users (user_id,username,email,first_name,last_name,password,deleted,img,billing_address,shipping_address) VALUES (9,'Daan24','DickCain@dolfijn.org','Tonnie','Gibson','F',NULL,25,22,22);
INSERT INTO users (user_id,username,email,first_name,last_name,password,deleted,img,billing_address,shipping_address) VALUES (10,'Bert','ECramer@gawab.nl','Nathan','Phelps','oi3TWipmM0DnjbjLsMOI3XQoZJBmOU1VeRq0Azto0HTcfssKL0QtmdgaCLDaiZikN8aiNdvt2A1eml255AJamql0wTHcxqhHPn',True,25,22,22);
INSERT INTO users (user_id,username,email,first_name,last_name,password,deleted,img,billing_address,shipping_address) VALUES (11,'Maggie2','FreddyMcnally4@msn.gov','Adam','Symbouras','DBO2u8lYsIeZvME0wvmKmdJZLGTO0Y4bUKbKN0wu0AxeXFKMZljOeTVsyNanfiGqSbaEczoIMFZF57AzDedIVdRdZiF2IQ7QrruzkGd8Lew2SZIOt5eu1JbukNpW5ot58XpU4CbWAElBJMqjQam0dVFiZRhaD3spTkoIhqc04NrrjgUI8GBIv3enA1CCy',True,27,22,22);
INSERT INTO users (user_id,username,email,first_name,last_name,password,deleted,img,billing_address,shipping_address) VALUES (12,'Steve924','Nick.Wesolowski@lycos.be','Coby','Whitehurst','ryIrH325Vt4A7m3jlCkcT1QJzxmhmFjrV2KmidyGKnhHpObnIpdJ5MMQGFPKgD8QmzlCmKozdEASLFJKfoO5uIJLedkRwCKSqzyE71yDOuiK5nEVavxdY5O7fjHn5uvFHFJ44FPpIRv1kAmGdfjCvTDQWxo8lF66mNILtTNbc7oHWwcGtMqeAaGknaQcDQSbgo4D5mFDDfDzlRpPRo6OBRq',False,30,27,NULL);
INSERT INTO users (user_id,username,email,first_name,last_name,password,deleted,img,billing_address,shipping_address) VALUES (13,'Ross478','HankStevenson@weboffice.gov','Tinus','Crocetti','OuVnevnIsQFpobwXXCyRlW5qoU8wiGZgpUgmkjTVwppZe27NzfuxhFurOLa325hHlcJ4jhXBVMsWGIYyadeyAHmSvIbQLTojxtoHiXVgyW1Gz2Z8yQ6oVAWbx5Gmqgkk7plhy4DzWvOuqHNuhFCZnojDdjf8VgAtzrJeIA10gE3Mc11ysRy5oZRdUcADXB7r1o',False,30,27,27);
INSERT INTO users (user_id,username,email,first_name,last_name,password,deleted,img,billing_address,shipping_address) VALUES (14,'Ryan','JohnReames@msn.gov','Cameron','Trainor','IcG0IsYBRPuhRcZULwrjxRbsBn7AlGYSnJAOmwOQnsUf6HLPiVdwAA0Prpu6WXDpIrzb2i4DjCvko1DJIEThXSV3bZqN1A4DEpdPgoXOX2nJa6g4dbQtsK1q6ocwYQQYOWWAmhVl6nKxv2zLhFmJ5UvDzIoqITgLdau7yocZbnZLhHV6XuDUClinTTZ2vrUOZzemSqzZyjgtOcFMVmutpLPN6ZNm',False,30,27,27);
INSERT INTO users (user_id,username,email,first_name,last_name,password,deleted,img,billing_address,shipping_address) VALUES (15,'Lizzy97','Freddy.Raines@telefonica.be','Jacob','Cappello','52qc6J8jeLxGkb50CLaYKl8dt5iREcnxRHEn2uy76af7WXTlUbTaV',False,33,6,6);
INSERT INTO users (user_id,username,email,first_name,last_name,password,deleted,img,billing_address,shipping_address) VALUES (16,'Cecilie202','Geoffry.Thompson4@weboffice.ca','Tommy','Green','KZAXr7eTY5ZKsbzMdzHISXVzImdJsdpVde2wUEjmH770yh3uwYQYeGXHxpmY6AZIan5glxL3HYtfBpbOAmi2U1Iz6AWiMLXCBsm8s7p6U2GWD1JkuhCxfOJspZo8g4FhXqhTsXxwphjmUCcfsOCpENBGAzoVhwRDoXCSRya2REseg',False,33,6,6);
INSERT INTO users (user_id,username,email,first_name,last_name,password,deleted,img,billing_address,shipping_address) VALUES (17,'Benjamin288','SigridOlson5@mail.fr','Sally','Morton','QTPA1YbDZxdOWi7S7BMtfyBDBJGVW5MtyM2Hn1yZsO0b2kYpo0pXla26pEC3lxBN4DblqbDFd3FWLUH1dUADzhlbWKqfrLaUiV8yurTUoyYvTbbsSH6KCLj4q25IrLvuBG55XipGXXpD1wrtSGbxMpwFUb5RVGky7uJaH8ungOrYHnDymjsdhlNHuUiR3UnPRvqxgz0strTuNyObyXezEo5hgGxNpeGhy',NULL,38,12,12);
INSERT INTO users (user_id,username,email,first_name,last_name,password,deleted,img,billing_address,shipping_address) VALUES (18,'Luis4','WilliamLamere2@mobileme.no','Alba','Grote','GGCqjDQDOvTKAONC2qqfLuJW1fBGD6p1jlqVlNBmtXfSJQXdjloV01q0Z6EN7pGZyAPpDaRfJ0L784iSGpK2pu1u4lsmY3ejEiIgsjXPRSxzUjEFDnf0Ht6lEkY4s25QZWctJYiK6FjFHw8oN3I8lMek3U1xgrAQjlBJSssParGnwyIpNH7YSzrAzfOtoK4HQmoysxJBJSRTWHP5kCpG8jyEjuCqDYE',True,38,12,12);
INSERT INTO users (user_id,username,email,first_name,last_name,password,deleted,img,billing_address,shipping_address) VALUES (19,'Edward8','RonAnderson2@yahoo.org','Ashley','Queen','60xpOOgz0MIDWXmmYk8kNyUBnU16Tl5f0dOmxgFomHEyfVJS5VcR2L',True,38,12,12);
INSERT INTO users (user_id,username,email,first_name,last_name,password,deleted,img,billing_address,shipping_address) VALUES (20,'Peg90','WilliamBarbee@kpn.de','Tyler','Duvall','JHwE0',False,48,19,19);
INSERT INTO users (user_id,username,email,first_name,last_name,password,deleted,img,billing_address,shipping_address) VALUES (21,'Jurre1','Mandy.Climent3@myspace.no','Nicholas','Meterson','pU67hEFvQSytjdrwdaBsGek28h3ru0qApORNOysWZHwQ2j6iHmzq8otxwpyleclO1nOjaHU3voZFECN36SIIsAiUhLVlcj3i181tJSPRVrn1CpJqqCIxSZw1bNjLmL',False,48,19,19);
INSERT INTO users (user_id,username,email,first_name,last_name,password,deleted,img,billing_address,shipping_address) VALUES (22,'Ike861','FonsStannard5@mobileme.us','Teddy','Pyland','yAI0XzxT6RYVpXPglR0Vky8KQdJZVL52Xv6GaEOjz0ahyjrAQT4k6b0HMgazqgGg6eQzRHa2Fg',False,NULL,NULL,19);
INSERT INTO users (user_id,username,email,first_name,last_name,password,deleted,img,billing_address,shipping_address) VALUES (23,'Dylan92','Vincent.Phillips@kpn.it','Hugo','van Dijk','ho73fVvn2IX6y6ZnNKMGJOID2bgyxHeEHDrfoubJvytu64NJoqinMXqKdhLutXgJl5JZGAqhNtVZAec7TVUsmOEiAA32ASdIXkcZzKB8zBGbMESGgC3sRzVuA4ASuqgWDxCXhuQ5xToxKiQJFtb0XR35oGEh3WdQvf5JhFUsLzTXcOpGNzcqDVHrRg0DRimtlTpLCvX4XnXGeuSHMIWZypr2vq6bm5XIHd3Q2ICnrBKBsZdEDkAUBH580hHqE',True,57,19,19);
INSERT INTO users (user_id,username,email,first_name,last_name,password,deleted,img,billing_address,shipping_address) VALUES (24,'Alexis36','PeterPaddock2@lycos.ca','Katarzyna','Antonucci','l7E8oeGl6WjJCYrVPycOSbzw57VFkxBXeSUrKZFyU8hRNAHVbru0BiQG3Nkev0XepoxTFExlEZvfo1rTEj5Tupy7mQ63h7NrGwdxZQG4AbZ4RDAc4WscHVUJyvK30VYXoF3XyRX723WzEcmznoOUe4hAGDlb8AtDVlHxui5EcCU5ISxMtNkWei5R4ATRgXnAvpsVUE',False,57,29,29);
INSERT INTO users (user_id,username,email,first_name,last_name,password,deleted,img,billing_address,shipping_address) VALUES (25,'Charlotte978','WillSlemp1@kpn.nl','Victor','Moore','or1ussf',False,67,NULL,29);
INSERT INTO users (user_id,username,email,first_name,last_name,password,deleted,img,billing_address,shipping_address) VALUES (26,'Stephen720','DanaMaribarski@lycos.nl','Tinus','Jessen','rUwHSIndEmMkqma5OTJaPmhzMbRtzDqr',True,67,29,29);
INSERT INTO users (user_id,username,email,first_name,last_name,password,deleted,img,billing_address,shipping_address) VALUES (27,'Henk78','D.Whitehurst4@live.fr','Andrzej','Whitehurst','cSAJ8rD6AIYde4GA07AmmkhJuQ5qtZ1OwBXbkT4Z6kJP17ocChIPwOewbzflon2vfvryvp3wmHmNqeXjMuGYHGQdqxzIkixEHsLn7uBRz8BqPqMETrzFgofDNukvTtMbw1MwU4TLYZcB1C0nybCTgiBAoITw3Qii01lVsZbgkKBOmkjw7utZ4dpjJNFn3v76CzNZBaEvc4zg2RHOWeisjIVKLcCwwyjGhp',True,71,29,29);
INSERT INTO users (user_id,username,email,first_name,last_name,password,deleted,img,billing_address,shipping_address) VALUES (28,'Kim734','IScheffold3@gawab.dk','Pip','Byrnes','CN12MhueV5xCyuC06oWSHAvAZdO8OuJfr7DkhXW5ZeRXAWORoASUDg8hC0ImA6thyTKYNlT2pFwO2e3TPrBfKHVLmSRyJnzXehZPwhbjl6fY7LRjYvMHjJ7VGWFtTQ6fFFh6DhNFWfC3Dgo1DqWb6clcPnFxn4GBiKDAHzfB3BZ6ce0rarfdJtjUdST1OIfbdwd0QVOX8uS0EUCz2yGYFA6HAjAO4MOUpXoAElIGqS',NULL,71,NULL,NULL);
INSERT INTO users (user_id,username,email,first_name,last_name,password,deleted,img,billing_address,shipping_address) VALUES (29,'Helma','Hank.Herzog@hotmail.com','Johnny','van Dijk','XlpiVUZDIyA0E4k3XHMelRQP8cfKrjess2ZOucj8bt3ChpdF5XU31NxszMTnMnlhmu2s2KUKYXXHToiIX5miYsOrfVvao2ZvWFACD70kJVCIQ0QQDaFaeUEZDNkvfyIpFfSw7gtXPjMH4OUsvbibQO0znerZeIMjLQWbJkUXJXyJR',True,71,29,29);
INSERT INTO users (user_id,username,email,first_name,last_name,password,deleted,img,billing_address,shipping_address) VALUES (30,'Koos','BillNewman4@live.nl','Lucille','Freed','HlowBR11QsZFyYEh6OgHVfOtuGz7omBIEWCTFAAyPIaTpVfduO8UMGAigUWhhwPh8MViIONOKEsZS7pOTkasWkDjByKemG88yIHkZx0LmJiq18bGxJM1ybbdUBZYecltN1AURqm8r2RP0b1xueKehleU28vArDLzPIlG8JAHZT2TegY0I4okERoMoZY43Dz68UfFOD1ixCuEvgt6GjiWhmADk8lVAurK5dQFRiiOTMr2lFfBZz',True,79,29,29);



INSERT INTO admins (admin_id) VALUES (10);
INSERT INTO admins (admin_id) VALUES (19);
INSERT INTO admins (admin_id) VALUES (21);
INSERT INTO admins (admin_id) VALUES (24);
INSERT INTO admins (admin_id) VALUES (7);



INSERT INTO authenticated (authenticated_id,balance) VALUES (5,'1314,94');
INSERT INTO authenticated (authenticated_id,balance) VALUES (13,'1241,10');
INSERT INTO authenticated (authenticated_id,balance) VALUES (22,'1929,80');
INSERT INTO authenticated (authenticated_id,balance) VALUES (3,'76797,74');
INSERT INTO authenticated (authenticated_id,balance) VALUES (8,'5,13');
INSERT INTO authenticated (authenticated_id,balance) VALUES (15,'29408,01');
INSERT INTO authenticated (authenticated_id,balance) VALUES (25,'36214,46');
INSERT INTO authenticated (authenticated_id,balance) VALUES (5,'094,34');
INSERT INTO authenticated (authenticated_id,balance) VALUES (13,'8,37');
INSERT INTO authenticated (authenticated_id,balance) VALUES (17,'66043,70');
INSERT INTO authenticated (authenticated_id,balance) VALUES (26,'118,79');
INSERT INTO authenticated (authenticated_id,balance) VALUES (28,'193,06');
INSERT INTO authenticated (authenticated_id,balance) VALUES (21,'6257,03');
INSERT INTO authenticated (authenticated_id,balance) VALUES (24,'3274,61');
INSERT INTO authenticated (authenticated_id,balance) VALUES (29,'52,89');
INSERT INTO authenticated (authenticated_id,balance) VALUES (29,'3056,41');
INSERT INTO authenticated (authenticated_id,balance) VALUES (26,'56,09');
INSERT INTO authenticated (authenticated_id,balance) VALUES (25,'41327,29');
INSERT INTO authenticated (authenticated_id,balance) VALUES (26,'1,85');
INSERT INTO authenticated (authenticated_id,balance) VALUES (29,'97,50');
INSERT INTO authenticated (authenticated_id,balance) VALUES (28,'69,15');
INSERT INTO authenticated (authenticated_id,balance) VALUES (26,'4,09');
INSERT INTO authenticated (authenticated_id,balance) VALUES (30,'8,17');
INSERT INTO authenticated (authenticated_id,balance) VALUES (24,'26,19');
INSERT INTO authenticated (authenticated_id,balance) VALUES (30,'705,40');



INSERT INTO ban (admin_id,user_id,date,reason) VALUES (5,5,'04/23/2011 01:53:00','Checked.');
INSERT INTO ban (admin_id,user_id,date,reason) VALUES (19,12,'05/10/2005 04:23:00','All updates are cancelled');
INSERT INTO ban (admin_id,user_id,date,reason) VALUES (9,14,'11/08/2017 09:04:00','Please read this.');
INSERT INTO ban (admin_id,user_id,date,reason) VALUES (2,22,'09/18/2008 01:25:00','Single mode turned on.');
INSERT INTO ban (admin_id,user_id,date,reason) VALUES (7,24,'01/16/2020 00:24:00','Please read this.');
INSERT INTO ban (admin_id,user_id,date,reason) VALUES (7,8,'05/16/2008 09:38:00','THIS IS JUST A NOTE');
INSERT INTO ban (admin_id,user_id,date,reason) VALUES (4,15,'09/13/2012 09:40:00','Check out their website.');
INSERT INTO ban (admin_id,user_id,date,reason) VALUES (2,21,'03/16/2021 01:18:00','No longer used.');
INSERT INTO ban (admin_id,user_id,date,reason) VALUES (19,27,'11/20/2003 04:05:00','Read this.');
INSERT INTO ban (admin_id,user_id,date,reason) VALUES (2,1,'12/13/2004 01:37:00','Wating for reminder.');



INSERT INTO cart (user_id,item_id,add_date,quantity) VALUES (3,11,'02/18/2007 10:53:00',1);
INSERT INTO cart (user_id,item_id,add_date,quantity) VALUES (2,19,'02/02/2011 10:44:00',3);
INSERT INTO cart (user_id,item_id,add_date,quantity) VALUES (1,28,'09/28/2001 06:14:00',5);
INSERT INTO cart (user_id,item_id,add_date,quantity) VALUES (5,35,'01/06/2016 00:31:00',5);
INSERT INTO cart (user_id,item_id,add_date,quantity) VALUES (3,30,'09/19/2013 09:37:00',3);
INSERT INTO cart (user_id,item_id,add_date,quantity) VALUES (30,39,'01/13/2014 02:38:00',2);
INSERT INTO cart (user_id,item_id,add_date,quantity) VALUES (28,30,'01/24/2005 10:19:00',2);
INSERT INTO cart (user_id,item_id,add_date,quantity) VALUES (28,37,'09/01/2008 08:22:00',2);
INSERT INTO cart (user_id,item_id,add_date,quantity) VALUES (27,31,'04/03/2003 07:14:00',5);
INSERT INTO cart (user_id,item_id,add_date,quantity) VALUES (30,38,'11/22/2001 04:24:00',1);
INSERT INTO cart (user_id,item_id,add_date,quantity) VALUES (5,32,'08/22/2009 00:25:00',4);
INSERT INTO cart (user_id,item_id,add_date,quantity) VALUES (28,40,'09/22/2008 10:16:00',5);
INSERT INTO cart (user_id,item_id,add_date,quantity) VALUES (21,29,'01/31/2014 10:29:00',3);
INSERT INTO cart (user_id,item_id,add_date,quantity) VALUES (29,30,'02/14/2008 09:45:00',2);
INSERT INTO cart (user_id,item_id,add_date,quantity) VALUES (25,39,'07/11/2009 00:03:00',4);
INSERT INTO cart (user_id,item_id,add_date,quantity) VALUES (26,34,'01/17/2000 01:23:00',1);
INSERT INTO cart (user_id,item_id,add_date,quantity) VALUES (13,40,'08/05/2006 00:08:00',1);
INSERT INTO cart (user_id,item_id,add_date,quantity) VALUES (8,35,'01/22/2020 09:48:00',2);
INSERT INTO cart (user_id,item_id,add_date,quantity) VALUES (13,37,'09/26/2005 09:37:00',1);
INSERT INTO cart (user_id,item_id,add_date,quantity) VALUES (25,28,'04/18/2005 00:17:00',4);
INSERT INTO cart (user_id,item_id,add_date,quantity) VALUES (30,38,'10/29/2011 08:43:00',5);
INSERT INTO cart (user_id,item_id,add_date,quantity) VALUES (8,27,'02/27/2000 09:04:00',3);
INSERT INTO cart (user_id,item_id,add_date,quantity) VALUES (21,35,'04/10/2006 07:23:00',1);
INSERT INTO cart (user_id,item_id,add_date,quantity) VALUES (26,27,'01/13/2001 02:53:00',3);
INSERT INTO cart (user_id,item_id,add_date,quantity) VALUES (25,35,'02/08/2004 05:44:00',4);
INSERT INTO cart (user_id,item_id,add_date,quantity) VALUES (28,36,'05/23/2013 03:24:00',4);
INSERT INTO cart (user_id,item_id,add_date,quantity) VALUES (25,40,'11/09/2004 07:32:00',4);
INSERT INTO cart (user_id,item_id,add_date,quantity) VALUES (30,31,'08/22/2002 06:33:00',3);
INSERT INTO cart (user_id,item_id,add_date,quantity) VALUES (22,36,'03/06/2007 02:35:00',5);
INSERT INTO cart (user_id,item_id,add_date,quantity) VALUES (21,37,'12/01/2014 10:07:00',3);



INSERT INTO purchase (purchase_id,userid,date) VALUES (1,2,'01/30/2017 01:39:00');
INSERT INTO purchase (purchase_id,userid,date) VALUES (2,2,'03/21/2016 05:02:00');
INSERT INTO purchase (purchase_id,userid,date) VALUES (3,2,'01/30/2004 02:08:00');
INSERT INTO purchase (purchase_id,userid,date) VALUES (4,3,'03/04/2005 06:05:00');
INSERT INTO purchase (purchase_id,userid,date) VALUES (5,5,'03/29/2011 08:38:00');



INSERT INTO purchase_item (purchase_id,item_id,price,quantity) VALUES (2,7,'8,24',16);
INSERT INTO purchase_item (purchase_id,item_id,price,quantity) VALUES (5,12,'888,09',25);
INSERT INTO purchase_item (purchase_id,item_id,price,quantity) VALUES (1,21,'3,23',46);
INSERT INTO purchase_item (purchase_id,item_id,price,quantity) VALUES (4,31,'0,05',40);
INSERT INTO purchase_item (purchase_id,item_id,price,quantity) VALUES (1,32,'541,02',42);



INSERT INTO review (review_id,user_id,comment,date,rating) VALUES (1,3,'JUST A NOTE','06/23/2000 06:34:00',5);
INSERT INTO review (review_id,user_id,comment,date,rating) VALUES (2,3,'Find more on the website.','07/24/2006 05:33:00',3);
INSERT INTO review (review_id,user_id,comment,date,rating) VALUES (3,3,NULL,'03/18/2016 09:55:00',3);
INSERT INTO review (review_id,user_id,comment,date,rating) VALUES (4,3,NULL,'10/31/2013 04:02:00',5);
INSERT INTO review (review_id,user_id,comment,date,rating) VALUES (5,3,'No longer used.','05/26/2012 10:44:00',2);
INSERT INTO review (review_id,user_id,comment,date,rating) VALUES (6,5,'Please note the new website.','07/08/2001 00:51:00',5);
INSERT INTO review (review_id,user_id,comment,date,rating) VALUES (7,5,'Note the new website.','09/18/2009 02:26:00',1);
INSERT INTO review (review_id,user_id,comment,date,rating) VALUES (8,5,'Read this.','01/07/2016 02:08:00',2);
INSERT INTO review (review_id,user_id,comment,date,rating) VALUES (9,NULL,'Checked.','10/13/2012 05:50:00',3);
INSERT INTO review (review_id,user_id,comment,date,rating) VALUES (10,5,'Test this.','12/04/2005 04:19:00',2);
INSERT INTO review (review_id,user_id,comment,date,rating) VALUES (11,2,'Must send an email.','05/31/2012 00:43:00',4);
INSERT INTO review (review_id,user_id,comment,date,rating) VALUES (12,2,'Read more on the website.','08/18/2012 10:24:00',4);
INSERT INTO review (review_id,user_id,comment,date,rating) VALUES (13,2,'Read more on the website.','04/12/2000 08:45:00',1);
INSERT INTO review (review_id,user_id,comment,date,rating) VALUES (14,NULL,NULL,'02/18/2004 03:55:00',5);
INSERT INTO review (review_id,user_id,comment,date,rating) VALUES (15,2,'This is a note.','06/23/2000 08:17:00',5);
INSERT INTO review (review_id,user_id,comment,date,rating) VALUES (16,2,'Called 06 times.','06/04/2010 06:26:00',1);
INSERT INTO review (review_id,user_id,comment,date,rating) VALUES (17,5,'Read this.','04/12/2002 05:33:00',1);
INSERT INTO review (review_id,user_id,comment,date,rating) VALUES (18,5,NULL,'03/15/2020 05:43:00',4);
INSERT INTO review (review_id,user_id,comment,date,rating) VALUES (19,5,'Expert mode turned on.','01/06/2019 05:09:00',2);
INSERT INTO review (review_id,user_id,comment,date,rating) VALUES (20,1,'Note','05/22/2014 06:02:00',1);



INSERT INTO wishlist (user_id,item_id,add_date) VALUES (5,3,'01/04/2005 07:57:00');
INSERT INTO wishlist (user_id,item_id,add_date) VALUES (5,11,'04/04/2016 09:41:00');
INSERT INTO wishlist (user_id,item_id,add_date) VALUES (3,19,'02/07/2001 02:24:00');
INSERT INTO wishlist (user_id,item_id,add_date) VALUES (1,22,'06/26/2002 05:15:00');
INSERT INTO wishlist (user_id,item_id,add_date) VALUES (2,23,'01/05/2015 05:53:00');
INSERT INTO wishlist (user_id,item_id,add_date) VALUES (3,27,'12/05/2011 07:49:00');
INSERT INTO wishlist (user_id,item_id,add_date) VALUES (1,35,'08/06/2009 00:58:00');
INSERT INTO wishlist (user_id,item_id,add_date) VALUES (14,26,'04/24/2019 09:48:00');
INSERT INTO wishlist (user_id,item_id,add_date) VALUES (20,34,'05/29/2017 08:12:00');
INSERT INTO wishlist (user_id,item_id,add_date) VALUES (26,28,'09/05/2004 09:07:00');
INSERT INTO wishlist (user_id,item_id,add_date) VALUES (30,33,'07/28/2019 08:36:00');
INSERT INTO wishlist (user_id,item_id,add_date) VALUES (3,34,'03/09/2004 10:24:00');
INSERT INTO wishlist (user_id,item_id,add_date) VALUES (25,28,'11/21/2020 10:19:00');
INSERT INTO wishlist (user_id,item_id,add_date) VALUES (29,30,'07/03/2014 02:50:00');
INSERT INTO wishlist (user_id,item_id,add_date) VALUES (28,39,'01/09/2004 07:15:00');
INSERT INTO wishlist (user_id,item_id,add_date) VALUES (22,27,'04/29/2010 01:05:00');
INSERT INTO wishlist (user_id,item_id,add_date) VALUES (28,35,'03/21/2004 09:17:00');
INSERT INTO wishlist (user_id,item_id,add_date) VALUES (26,38,'12/22/2019 09:50:00');
INSERT INTO wishlist (user_id,item_id,add_date) VALUES (25,33,'02/04/2002 09:44:00');
INSERT INTO wishlist (user_id,item_id,add_date) VALUES (22,26,'02/04/2020 02:10:00');



